{
  "cd_mean": 0.241828,
  "cd_std": 0.017059,
  "n_samples": 210
}